C*‖africa‖SI‖En‖Africa‖
C*‖alic‖SI‖En‖Alic‖
C*‖america‖SI‖En‖America‖
C*‖april‖SI‖En‖April‖
*?‖ariad‖SI‖En‖Ariad‖
C*‖artur‖SI‖En‖Artur‖
*C‖august‖SI‖En‖August‖
C*‖australia‖SI‖En‖Australia‖
C*‖austria‖SI‖En‖Austria‖
*‖baltic‖SI‖En‖Baltic‖
*‖belgium‖SI‖En‖Belgium‖
C*‖brasil‖SI‖En‖Brasil‖
C*‖bucharest‖SI‖En‖Bucharest‖
*‖canada‖SI‖En‖Canada‖
*‖china‖SI‖En‖China‖
C*‖cracow‖SI‖En‖Cracow‖
*‖daniel‖SI‖En‖Daniel‖https://en.wikipedia.org/wiki/Network_Time_Protocol
C*‖december‖SI‖En‖December‖
C*‖east‖SI‖En‖East‖
C*‖egypt‖SI‖En‖Egypt‖
C*‖england‖CL‖En‖England‖
C*‖english‖CL‖En‖English‖
C‖eur‖SI‖En‖EUR‖
C*‖europ‖SI‖En‖Europ‖
C*‖europe‖SI‖En‖Europe‖
C*‖february‖SI‖En‖February‖
*‖france‖SI‖En‖France‖
C*‖friday‖SI‖En‖Friday‖
C*‖german‖CL‖En‖German‖
C*‖germany‖CL‖En‖Germany‖
*‖ghana‖SI‖En‖Ghana‖
*‖india‖SI‖En‖India‖
C‖iran‖SI‖En‖Iran‖
*‖istanbul‖SI‖En‖Istanbul‖
*‖italy‖SI‖En‖Italy‖
C*‖january‖SI‖En‖January‖
C*‖july‖SI‖En‖July‖
C*‖june‖SI‖En‖June‖
C*?‖kamil‖SI‖En‖Kamil‖
C*‖koln‖SI‖En‖Köln‖
C*‖manuel‖SI‖En‖Manuel‖
*‖mexico‖SI‖En‖Mexico‖
C*‖monday‖SI‖En‖Monday‖
C*‖north‖SI‖En‖North‖
*‖norway‖SI‖En‖Norway‖
C*‖november‖SI‖En‖November‖
C*‖october‖SI‖En‖October‖
C*‖paris‖SI‖En‖Paris‖"peszel"
C*‖piotr‖SI‖En‖Piotr‖
C‖pln‖SI‖En‖PLN‖
C*‖poland‖CL‖En‖Poland‖
C*‖polish‖CL‖En‖Polish‖
C*‖posen‖SI‖En‖Posen‖
C*‖przymorze‖SI‖En‖Przymorze‖
C*‖romania‖SI‖En‖Romania‖
C*‖saturday‖SI‖En‖Saturday‖
C*‖september‖SI‖En‖September‖
C*‖slavic‖SI‖En‖Slavic‖
*‖slovakia‖SI‖En‖Slovakia‖
C*‖south‖SI‖En‖South‖
C*‖sunday‖SI‖En‖Sunday‖
C*‖sweden‖SI‖En‖Sweden‖
C*‖swedish‖SI‖En‖Swidish‖
C‖szczecin‖SI‖En‖Szczecin‖
*C‖szymon‖SI‖En‖Szymon‖
C*‖taiwan‖SI‖En‖Taiwan‖
*‖tczew‖SI‖En‖Tczew‖
C*‖thailand‖SI‖En‖Thailand‖
C*‖thursday‖SI‖En‖Thursday‖
C*‖tuesday‖SI‖En‖Tuesday‖
C‖usa‖SI‖En‖USA‖
*‖usa/‖SI‖En‖United States of America‖
C‖usd‖SI‖En‖USD‖
C*‖wednesday‖SI‖En‖Wednesday‖
C*‖west‖SI‖En‖West‖
C*‖wrzeszcz‖SI‖En‖Wrzeszcz‖
C*‖zeltweg‖SI‖En‖Zeltweg‖
